[{
  "_id": {
    "$oid": "66a5343851070dd84b97c343"
  },
  "employer_email": "john@example.com",
  "employer_password": "password123",
  "employer_name": "John Doe",
  "employer_posts": [
    "66a534ff51070dd84b97c34f",
    "66a534ff51070dd84b97c350"
  ]
},
{
  "_id": {
    "$oid": "66a5343851070dd84b97c344"
  },
  "employer_email": "jane@example.com",
  "employer_password": "password123",
  "employer_name": "Jane Smith",
  "employer_posts": [
    "66a534ff51070dd84b97c351"
  ]
},
{
  "_id": {
    "$oid": "66a5343851070dd84b97c345"
  },
  "employer_email": "alice@example.com",
  "employer_password": "password123",
  "employer_name": "Alice Johnson",
  "employer_posts": [
    "66a534ff51070dd84b97c352",
    "66a534ff51070dd84b97c353"
  ]
},
{
  "_id": {
    "$oid": "66a8a4e42349263b10250837"
  },
  "employer_email": "gladys@example.com",
  "employer_password": "$2b$10$sDVW2qYHwjq6E/Dz7x4uBeLtdbgZA3rV7Mgbf4V5HiqBfKkefUFr.", 
  "employer_name": "Gladys Huang",
  "employer_posts": [
    "66a534ff51070dd84b97c34b",
    "66a534ff51070dd84b97c34c",
    "66a534ff51070dd84b97c34d",
    "66a534ff51070dd84b97c34e"
  ]
}]