[{
  "_id": {
    "$oid": "66a534ff51070dd84b97c34b"
  },
  "job_title": "Electrician",
  "job_description": "Responsible for installing and maintaining electrical systems.",
  "job_requirements": "Experience as an electrician.",
  "job_type": "Full-Time",
  "job_minSalary": 20000,
  "job_maxSalary": 25000,
  "job_education": "High School",
  "job_boosted": true,
  "company_logo": "/employerFiles/googlelogo.png",
  "company_name": "Google",
  "company_location": "Taguig, Philippines",
  "job_poster": "66a5343851070dd84b97c342",
  "job_applicants": []
},
{
  "_id": {
    "$oid": "66a534ff51070dd84b97c34c"
  },
  "job_title": "Janitor",
  "job_description": "Responsible for cleaning and maintaining the premises.",
  "job_requirements": "Experience in janitorial work.",
  "job_type": "Part-Time",
  "job_minSalary": 20000,
  "job_maxSalary": 25000,
  "job_education": "High School",
  "job_boosted": false,
  "company_logo": "/employerFiles/googlelogo.png",
  "company_name": "Google",
  "company_location": "Taguig, Philippines",
  "job_poster": "66a5343851070dd84b97c342",
  "job_applicants": []
},
{
  "_id": {
    "$oid": "66a534ff51070dd84b97c34d"
  },
  "job_title": "Maintenance Worker",
  "job_description": "Responsible for maintaining and repairing facilities.",
  "job_requirements": "Experience in maintenance work.",
  "job_type": "Full-Time",
  "job_minSalary": 20000,
  "job_maxSalary": 25000,
  "job_education": "High School",
  "job_boosted": false,
  "company_logo": "/employerFiles/googlelogo.png",
  "company_name": "Google",
  "company_location": "Taguig, Philippines",
  "job_poster": "66a5343851070dd84b97c342",
  "job_applicants": []
},
{
  "_id": {
    "$oid": "66a534ff51070dd84b97c34e"
  },
  "job_title": "Carpenter",
  "job_description": "Responsible for constructing and repairing building frameworks and structures.",
  "job_requirements": "Experience in carpentry.",
  "job_type": "Full-Time",
  "job_minSalary": 20000,
  "job_maxSalary": 25000,
  "job_education": "High School",
  "job_boosted": false,
  "company_logo": "/employerFiles/googlelogo.png",
  "company_name": "Google",
  "company_location": "Taguig, Philippines",
  "job_poster": "66a5343851070dd84b97c342",
  "job_applicants": []
},
{
  "_id": {
    "$oid": "66a534ff51070dd84b97c34f"
  },
  "job_title": "Security Guard",
  "job_description": "Responsible for ensuring the safety and security of the premises.",
  "job_requirements": "Experience in security.",
  "job_type": "Full-Time",
  "job_minSalary": 20000,
  "job_maxSalary": 25000,
  "job_education": "High School",
  "job_boosted": false,
  "company_logo": "/employerFiles/googlelogo.png",
  "company_name": "Google",
  "company_location": "Taguig, Philippines",
  "job_poster": "66a5343851070dd84b97c343",
  "job_applicants": []
},
{
  "_id": {
    "$oid": "66a534ff51070dd84b97c350"
  },
  "job_title": "Maintenance Worker",
  "job_description": "Responsible for maintaining and repairing facilities.",
  "job_requirements": "Experience in maintenance work.",
  "job_type": "Full-Time",
  "job_minSalary": 20000,
  "job_maxSalary": 25000,
  "job_education": "High School",
  "job_boosted": false,
  "company_logo": "/employerFiles/googlelogo.png",
  "company_name": "Google",
  "company_location": "Taguig, Philippines",
  "job_poster": "66a5343851070dd84b97c343",
  "job_applicants": []
},
{
  "_id": {
    "$oid": "66a534ff51070dd84b97c351"
  },
  "job_title": "Housekeeper",
  "job_description": "Responsible for maintaining cleanliness and orderliness of the premises.",
  "job_requirements": "Experience in housekeeping.",
  "job_type": "Part-Time",
  "job_minSalary": 20000,
  "job_maxSalary": 25000,
  "job_education": "High School",
  "job_boosted": false,
  "company_logo": "/employerFiles/googlelogo.png",
  "company_name": "Google",
  "company_location": "Taguig, Philippines",
  "job_poster": "66a5343851070dd84b97c344",
  "job_applicants": []
},
{
  "_id": {
    "$oid": "66a534ff51070dd84b97c352"
  },
  "job_title": "Gardener",
  "job_description": "Responsible for maintaining the landscape of the premises.",
  "job_requirements": "Experience in gardening.",
  "job_type": "Part-Time",
  "job_minSalary": 20000,
  "job_maxSalary": 25000,
  "job_education": "High School",
  "job_boosted": false,
  "company_logo": "/employerFiles/googlelogo.png",
  "company_name": "Google",
  "company_location": "Taguig, Philippines",
  "job_poster": "66a5343851070dd84b97c345",
  "job_applicants": []
},
{
  "_id": {
    "$oid": "66a534ff51070dd84b97c353"
  },
  "job_title": "Delivery Driver",
  "job_description": "Responsible for delivering goods to customers.",
  "job_requirements": "Experience in delivery driving.",
  "job_type": "Full-Time",
  "job_minSalary": 20000,
  "job_maxSalary": 25000,
  "job_education": "High School",
  "job_boosted": false,
  "company_logo": "/employerFiles/googlelogo.png",
  "company_name": "Google",
  "company_location": "Taguig, Philippines",
  "job_poster": "66a5343851070dd84b97c345",
  "job_applicants": []
}]